Transaction ID,Date,Customer ID,Gender,Age,Product Category,Quantity,Price per Unit,Total Amount
1,"2023-08-08","CUST001","Female",58,"Electronics",1,100,100
2,"2023-08-17","CUST002","Male",40,"Beauty",4,300,1200
3,"2023-03-13","CUST003","Male",50,"Clothing",1,50,50
4,"2023-01-19","CUST004","Male",19,"Beauty",1,30,30
5,"2023-07-13","CUST005","Female",26,"Electronics",2,300,600
6,"2023-06-14","CUST006","Female",20,"Clothing",3,30,90
7,"2023-03-18","CUST007","Female",52,"Electronics",3,30,90
8,"2023-04-17","CUST008","Female",49,"Electronics",3,500,1500
9,"2023-12-11","CUST009","Female",62,"Beauty",1,25,25
10,"2023-06-25","CUST010","Male",60,"Beauty",3,500,1500
11,"2023-09-15","CUST011","Female",42,"Electronics",1,500,500
12,"2023-12-01","CUST012","Female",45,"Clothing",3,30,90
13,"2023-04-18","CUST013","Female",57,"Electronics",4,500,2000
14,"2023-07-19","CUST014","Female",22,"Electronics",2,300,600
15,"2023-02-04","CUST015","Female",56,"Beauty",4,30,120
16,"2023-09-13","CUST016","Female",37,"Beauty",3,50,150
17,"2023-08-18","CUST017","Male",33,"Electronics",2,25,50
18,"2023-05-15","CUST018","Female",52,"Clothing",4,500,2000
19,"2023-08-09","CUST019","Female",26,"Beauty",3,300,900
20,"2023-04-11","CUST020","Female",19,"Beauty",4,100,400
21,"2023-03-01","CUST021","Female",44,"Beauty",2,50,100
22,"2023-09-08","CUST022","Female",33,"Electronics",2,50,100
23,"2023-07-19","CUST023","Male",29,"Beauty",2,30,60
24,"2023-03-22","CUST024","Female",50,"Beauty",1,30,30
25,"2023-07-30","CUST025","Female",40,"Clothing",3,500,1500
26,"2023-06-10","CUST026","Female",58,"Clothing",4,500,2000
27,"2023-02-23","CUST027","Male",55,"Beauty",2,100,200
28,"2023-06-29","CUST028","Male",57,"Electronics",1,25,25
29,"2023-07-04","CUST029","Male",53,"Electronics",4,100,400
30,"2023-11-08","CUST030","Male",34,"Clothing",4,300,1200
31,"2023-12-09","CUST031","Male",33,"Electronics",1,50,50
32,"2023-02-01","CUST032","Male",52,"Electronics",4,50,200
33,"2023-02-22","CUST033","Female",24,"Beauty",2,50,100
34,"2023-09-19","CUST034","Male",54,"Beauty",3,100,300
35,"2023-06-21","CUST035","Female",37,"Beauty",2,25,50
36,"2023-04-08","CUST036","Male",43,"Clothing",2,25,50
37,"2023-02-24","CUST037","Male",21,"Electronics",2,100,200
38,"2023-10-27","CUST038","Female",35,"Beauty",3,100,300
39,"2023-12-19","CUST039","Male",49,"Electronics",3,300,900
40,"2023-03-06","CUST040","Female",22,"Beauty",2,300,600
41,"2023-07-24","CUST041","Male",19,"Clothing",2,30,60
42,"2023-07-15","CUST042","Female",62,"Electronics",2,100,200
43,"2023-12-08","CUST043","Male",44,"Electronics",2,50,100
44,"2023-07-20","CUST044","Male",44,"Clothing",4,500,2000
45,"2023-04-23","CUST045","Male",49,"Electronics",2,500,1000
46,"2023-11-18","CUST046","Female",33,"Clothing",4,100,400
47,"2023-09-10","CUST047","Female",31,"Electronics",2,30,60
48,"2023-10-09","CUST048","Male",51,"Beauty",4,500,2000
49,"2023-06-22","CUST049","Female",41,"Electronics",3,50,150
50,"2023-08-13","CUST050","Male",42,"Beauty",1,25,25
51,"2023-05-18","CUST051","Male",57,"Electronics",1,25,25
52,"2023-09-13","CUST052","Female",58,"Clothing",4,500,2000
53,"2023-02-06","CUST053","Male",29,"Clothing",2,30,60
54,"2023-07-09","CUST054","Female",45,"Beauty",4,300,1200
55,"2023-02-12","CUST055","Female",19,"Clothing",1,30,30
56,"2023-08-01","CUST056","Male",34,"Clothing",1,300,300
57,"2023-05-18","CUST057","Female",54,"Clothing",1,25,25
58,"2023-06-07","CUST058","Male",55,"Clothing",4,30,120
59,"2023-07-21","CUST059","Male",27,"Electronics",1,25,25
60,"2023-08-09","CUST060","Male",27,"Electronics",3,300,900
61,"2023-12-16","CUST061","Male",31,"Beauty",2,300,600
62,"2023-04-02","CUST062","Male",39,"Beauty",3,100,300
63,"2023-11-08","CUST063","Female",24,"Electronics",1,50,50
64,"2023-08-15","CUST064","Female",49,"Beauty",4,300,1200
65,"2023-03-16","CUST065","Male",53,"Clothing",2,30,60
66,"2023-01-13","CUST066","Male",35,"Clothing",2,100,200
67,"2023-09-01","CUST067","Female",60,"Electronics",3,300,900
68,"2023-08-03","CUST068","Male",40,"Clothing",2,50,100
69,"2023-01-06","CUST069","Male",18,"Electronics",1,50,50
70,"2023-12-06","CUST070","Female",47,"Electronics",2,25,50
71,"2023-06-30","CUST071","Female",40,"Electronics",1,300,300
72,"2023-12-12","CUST072","Male",40,"Beauty",4,25,100
73,"2023-06-27","CUST073","Male",44,"Clothing",4,100,400
74,"2023-12-24","CUST074","Male",56,"Electronics",4,25,100
75,"2023-12-29","CUST075","Female",41,"Electronics",3,300,900
76,"2023-11-03","CUST076","Female",61,"Clothing",2,25,50
77,"2023-09-22","CUST077","Female",24,"Beauty",3,50,150
78,"2023-12-22","CUST078","Female",55,"Electronics",1,300,300
79,"2023-04-03","CUST079","Male",60,"Clothing",2,500,1000
80,"2023-04-26","CUST080","Female",42,"Electronics",1,100,100
81,"2023-08-24","CUST081","Male",38,"Clothing",4,50,200
82,"2023-03-03","CUST082","Male",26,"Electronics",3,100,300
83,"2023-08-19","CUST083","Male",54,"Beauty",1,25,25
84,"2023-01-01","CUST084","Female",42,"Beauty",3,100,300
85,"2023-05-29","CUST085","Male",34,"Beauty",3,100,300
86,"2023-08-17","CUST086","Male",57,"Clothing",2,100,200
87,"2023-08-04","CUST087","Female",24,"Electronics",3,30,90
88,"2023-12-11","CUST088","Female",46,"Clothing",3,500,1500
89,"2023-09-11","CUST089","Female",60,"Clothing",4,30,120
90,"2023-04-27","CUST090","Male",41,"Electronics",1,100,100
91,"2023-12-27","CUST091","Female",63,"Beauty",4,30,120
92,"2023-05-23","CUST092","Female",31,"Electronics",3,30,90
93,"2023-05-14","CUST093","Female",26,"Clothing",4,100,400
94,"2023-11-21","CUST094","Male",58,"Clothing",3,50,150
95,"2023-08-30","CUST095","Male",37,"Beauty",1,300,300
96,"2023-04-30","CUST096","Female",23,"Clothing",2,25,50
97,"2023-09-13","CUST097","Female",51,"Beauty",2,100,200
98,"2023-05-08","CUST098","Male",39,"Electronics",1,30,30
99,"2023-11-19","CUST099","Male",62,"Clothing",1,100,100
100,"2023-10-02","CUST100","Male",37,"Clothing",1,500,500
101,"2023-03-05","CUST101","Female",58,"Beauty",3,100,300
102,"2023-12-23","CUST102","Male",49,"Clothing",4,500,2000
103,"2023-03-24","CUST103","Male",36,"Electronics",3,50,150
104,"2023-05-16","CUST104","Female",48,"Electronics",4,30,120
105,"2023-06-29","CUST105","Male",52,"Clothing",2,500,1000
106,"2023-06-06","CUST106","Female",25,"Beauty",1,50,50
107,"2023-07-12","CUST107","Female",35,"Electronics",3,50,150
108,"2023-10-01","CUST108","Female",45,"Beauty",1,500,500
109,"2023-02-13","CUST109","Male",20,"Electronics",3,25,75
110,"2023-11-16","CUST110","Female",57,"Beauty",4,50,200
111,"2023-01-08","CUST111","Female",20,"Clothing",2,50,100
112,"2023-12-18","CUST112","Male",28,"Beauty",1,300,300
113,"2023-12-23","CUST113","Male",59,"Beauty",3,100,300
114,"2023-03-19","CUST114","Female",57,"Electronics",4,30,120
115,"2023-01-04","CUST115","Male",49,"Clothing",1,100,100
116,"2023-10-17","CUST116","Female",57,"Beauty",3,50,150
117,"2023-04-11","CUST117","Male",64,"Clothing",1,25,25
118,"2023-01-15","CUST118","Male",33,"Electronics",4,300,1200
119,"2023-05-12","CUST119","Female",21,"Clothing",3,100,300
120,"2023-08-04","CUST120","Female",59,"Electronics",3,50,150
121,"2023-03-23","CUST121","Female",22,"Electronics",1,30,30
122,"2023-08-11","CUST122","Male",38,"Clothing",2,50,100
123,"2023-01-30","CUST123","Male",48,"Clothing",4,500,2000
124,"2023-10-12","CUST124","Female",39,"Clothing",2,30,60
125,"2023-12-03","CUST125","Female",61,"Electronics",1,50,50
126,"2023-04-09","CUST126","Female",55,"Clothing",3,50,150
127,"2023-01-23","CUST127","Male",52,"Clothing",2,30,60
128,"2023-04-09","CUST128","Female",19,"Electronics",1,30,30
129,"2023-10-19","CUST129","Female",52,"Clothing",2,50,100
130,"2023-08-04","CUST130","Female",54,"Electronics",3,100,300
131,"2023-05-15","CUST131","Male",64,"Beauty",2,50,100
132,"2023-09-06","CUST132","Female",26,"Clothing",4,100,400
133,"2023-11-14","CUST133","Male",45,"Clothing",2,500,1000
134,"2023-01-23","CUST134","Male",18,"Beauty",3,30,90
135,"2023-03-05","CUST135","Female",63,"Clothing",3,500,1500
136,"2023-04-08","CUST136","Male",35,"Beauty",1,300,300
137,"2023-11-22","CUST137","Female",29,"Clothing",3,30,90
138,"2023-10-18","CUST138","Male",47,"Clothing",4,50,200
139,"2023-10-26","CUST139","Female",59,"Electronics",4,30,120
140,"2023-11-03","CUST140","Female",44,"Electronics",2,50,100
141,"2023-01-17","CUST141","Female",63,"Electronics",3,100,300
142,"2023-02-01","CUST142","Male",31,"Beauty",4,100,400
143,"2023-04-22","CUST143","Female",28,"Electronics",4,100,400
144,"2023-10-03","CUST144","Female",45,"Clothing",3,50,150
145,"2023-06-23","CUST145","Female",49,"Beauty",3,300,900
146,"2023-02-19","CUST146","Female",26,"Electronics",1,100,100
147,"2023-04-12","CUST147","Female",41,"Beauty",4,50,200
148,"2023-08-15","CUST148","Male",42,"Electronics",4,30,120
149,"2023-10-29","CUST149","Male",42,"Beauty",2,30,60
150,"2023-06-18","CUST150","Female",31,"Clothing",3,300,900
151,"2023-06-30","CUST151","Male",60,"Electronics",4,50,200
152,"2023-01-22","CUST152","Male",47,"Beauty",4,500,2000
153,"2023-12-23","CUST153","Female",55,"Beauty",2,100,200
154,"2023-12-31","CUST154","Male",53,"Electronics",4,300,1200
155,"2023-08-08","CUST155","Male",35,"Clothing",1,50,50
156,"2023-09-27","CUST156","Female",49,"Beauty",4,30,120
157,"2023-02-23","CUST157","Female",62,"Electronics",2,30,60
158,"2023-09-29","CUST158","Female",33,"Beauty",3,500,1500
159,"2023-10-20","CUST159","Male",50,"Electronics",1,30,30
160,"2023-03-24","CUST160","Male",25,"Clothing",4,50,200
161,"2023-12-12","CUST161","Male",26,"Beauty",3,500,1500
162,"2023-10-31","CUST162","Female",19,"Clothing",2,25,50
163,"2023-11-15","CUST163","Female",21,"Beauty",1,30,30
164,"2023-11-25","CUST164","Female",41,"Beauty",3,30,90
165,"2023-09-09","CUST165","Female",40,"Electronics",3,25,75
166,"2023-07-06","CUST166","Male",23,"Beauty",3,500,1500
167,"2023-03-27","CUST167","Female",40,"Clothing",2,100,200
168,"2023-01-26","CUST168","Female",52,"Beauty",1,30,30
169,"2023-06-08","CUST169","Male",59,"Clothing",2,100,200
170,"2023-12-01","CUST170","Female",50,"Electronics",3,100,300
171,"2023-08-28","CUST171","Male",29,"Clothing",1,50,50
172,"2023-02-19","CUST172","Female",33,"Beauty",2,30,60
173,"2023-10-13","CUST173","Female",38,"Electronics",3,50,150
174,"2023-07-25","CUST174","Female",26,"Electronics",1,100,100
175,"2023-10-08","CUST175","Male",41,"Electronics",3,50,150
176,"2023-09-09","CUST176","Male",61,"Electronics",4,100,400
177,"2023-03-09","CUST177","Female",60,"Electronics",2,100,200
178,"2023-08-09","CUST178","Male",32,"Clothing",4,500,2000
179,"2023-01-05","CUST179","Male",61,"Beauty",1,25,25
180,"2023-04-13","CUST180","Male",58,"Clothing",1,500,500
181,"2023-08-11","CUST181","Female",40,"Electronics",3,500,1500
182,"2023-03-07","CUST182","Female",41,"Beauty",4,100,400
183,"2023-12-05","CUST183","Male",52,"Beauty",1,25,25
184,"2023-10-09","CUST184","Female",20,"Beauty",2,50,100
185,"2023-02-05","CUST185","Male",63,"Clothing",2,50,100
186,"2023-12-27","CUST186","Male",21,"Beauty",1,25,25
187,"2023-09-23","CUST187","Male",36,"Beauty",2,300,600
188,"2023-03-02","CUST188","Female",62,"Clothing",1,25,25
189,"2023-08-01","CUST189","Male",39,"Clothing",2,25,50
190,"2023-09-02","CUST190","Female",60,"Electronics",3,50,150
191,"2023-09-13","CUST191","Female",26,"Clothing",4,50,200
192,"2023-03-07","CUST192","Male",34,"Clothing",2,50,100
193,"2023-12-22","CUST193","Male",39,"Beauty",1,25,25
194,"2023-07-07","CUST194","Female",53,"Electronics",3,50,150
195,"2023-09-24","CUST195","Male",26,"Electronics",2,100,200
196,"2023-10-14","CUST196","Male",26,"Clothing",1,500,500
197,"2023-07-27","CUST197","Male",30,"Beauty",3,100,300
198,"2023-02-27","CUST198","Male",24,"Electronics",4,100,400
199,"2023-06-20","CUST199","Female",29,"Beauty",2,25,50
200,"2023-02-19","CUST200","Female",21,"Beauty",4,50,200
201,"2023-08-30","CUST201","Male",37,"Electronics",3,50,150
202,"2023-04-19","CUST202","Female",61,"Electronics",4,100,400
203,"2023-04-22","CUST203","Male",53,"Beauty",4,500,2000
204,"2023-05-06","CUST204","Male",43,"Beauty",1,300,300
205,"2023-10-05","CUST205","Female",32,"Beauty",1,30,30
206,"2023-02-04","CUST206","Female",24,"Beauty",1,30,30
207,"2023-04-05","CUST207","Female",52,"Beauty",4,100,400
208,"2023-02-18","CUST208","Male",41,"Beauty",4,100,400
209,"2023-02-01","CUST209","Female",64,"Electronics",2,300,600
210,"2023-04-25","CUST210","Female",57,"Beauty",2,300,600
211,"2023-05-07","CUST211","Female",47,"Clothing",3,300,900
212,"2023-04-28","CUST212","Female",50,"Beauty",4,100,400
213,"2023-08-06","CUST213","Male",62,"Beauty",1,300,300
214,"2023-12-27","CUST214","Male",42,"Beauty",4,500,2000
215,"2023-01-28","CUST215","Male",37,"Beauty",3,50,150
216,"2023-03-08","CUST216","Male",60,"Beauty",4,50,200
217,"2023-10-04","CUST217","Male",41,"Electronics",1,500,500
218,"2023-09-22","CUST218","Female",56,"Electronics",3,100,300
219,"2023-02-04","CUST219","Male",63,"Beauty",3,100,300
220,"2023-09-05","CUST220","Female",49,"Clothing",3,30,90
221,"2023-02-01","CUST221","Female",24,"Clothing",4,25,100
222,"2023-01-11","CUST222","Female",61,"Beauty",4,30,120
223,"2023-04-03","CUST223","Male",43,"Electronics",3,300,900
224,"2023-08-15","CUST224","Female",21,"Clothing",4,30,120
225,"2023-12-02","CUST225","Male",28,"Beauty",3,300,900
226,"2023-10-15","CUST226","Female",57,"Clothing",1,500,500
227,"2023-09-06","CUST227","Male",47,"Clothing",1,30,30
228,"2023-03-30","CUST228","Male",52,"Clothing",1,500,500
229,"2023-10-25","CUST229","Male",29,"Electronics",3,25,75
230,"2023-08-21","CUST230","Male",30,"Clothing",2,100,200
231,"2023-04-12","CUST231","Male",22,"Beauty",1,300,300
232,"2023-03-04","CUST232","Male",38,"Beauty",1,100,100
233,"2023-09-21","CUST233","Female",46,"Electronics",1,300,300
234,"2023-06-02","CUST234","Female",46,"Beauty",1,50,50
235,"2023-09-22","CUST235","Female",64,"Clothing",4,100,400
236,"2023-08-18","CUST236","Female",59,"Electronics",1,50,50
237,"2023-06-10","CUST237","Male",39,"Beauty",3,50,150
238,"2023-04-11","CUST238","Female",56,"Clothing",1,300,300
239,"2023-09-04","CUST239","Male",61,"Clothing",1,50,50
240,"2023-10-01","CUST240","Male",41,"Electronics",2,25,50
241,"2023-11-26","CUST241","Male",49,"Electronics",3,300,900
242,"2023-05-22","CUST242","Female",58,"Beauty",2,300,600
243,"2023-10-02","CUST243","Male",37,"Clothing",1,50,50
244,"2023-12-08","CUST244","Male",30,"Electronics",1,500,500
245,"2023-08-24","CUST245","Female",63,"Beauty",1,30,30
246,"2023-12-19","CUST246","Male",29,"Beauty",1,500,500
247,"2023-11-17","CUST247","Male",35,"Electronics",4,300,1200
248,"2023-10-14","CUST248","Female",44,"Clothing",2,100,200
249,"2023-05-31","CUST249","Female",52,"Electronics",3,300,900
250,"2023-08-17","CUST250","Male",44,"Beauty",1,25,25
251,"2023-03-06","CUST251","Female",23,"Electronics",2,100,200
252,"2023-06-21","CUST252","Male",58,"Beauty",4,500,2000
253,"2023-03-13","CUST253","Female",33,"Clothing",3,100,300
254,"2023-09-01","CUST254","Female",39,"Beauty",1,30,30
255,"2023-02-13","CUST255","Male",33,"Beauty",3,25,75
256,"2023-02-23","CUST256","Female",29,"Electronics",3,500,1500
257,"2023-05-12","CUST257","Female",24,"Electronics",1,25,25
258,"2023-04-17","CUST258","Female",44,"Electronics",1,30,30
259,"2023-04-09","CUST259","Male",35,"Beauty",1,30,30
260,"2023-04-20","CUST260","Male",26,"Clothing",4,300,1200
261,"2023-06-06","CUST261","Male",19,"Clothing",3,300,900
262,"2023-11-27","CUST262","Male",28,"Electronics",2,30,60
263,"2023-01-30","CUST263","Male",40,"Beauty",3,50,150
264,"2023-11-02","CUST264","Male",26,"Electronics",4,50,200
265,"2023-06-08","CUST265","Female",25,"Clothing",1,100,100
266,"2023-01-09","CUST266","Male",32,"Beauty",4,25,100
267,"2023-02-17","CUST267","Female",54,"Beauty",3,500,1500
268,"2023-07-27","CUST268","Female",47,"Beauty",3,25,75
269,"2023-05-27","CUST269","Male",63,"Beauty",3,25,75
270,"2023-08-25","CUST270","Female",44,"Beauty",3,50,150
271,"2023-12-18","CUST271","Male",53,"Clothing",1,500,500
272,"2023-05-25","CUST272","Male",43,"Beauty",2,50,100
273,"2023-12-25","CUST273","Female",43,"Electronics",1,25,25
274,"2023-02-22","CUST274","Male",42,"Electronics",2,30,60
275,"2023-01-05","CUST275","Female",31,"Electronics",2,25,50
276,"2023-06-22","CUST276","Female",24,"Electronics",3,300,900
277,"2023-05-09","CUST277","Male",18,"Electronics",1,500,500
278,"2023-02-26","CUST278","Male",44,"Beauty",4,500,2000
279,"2023-10-12","CUST279","Male",47,"Clothing",1,50,50
280,"2023-01-29","CUST280","Male",63,"Beauty",1,300,300
281,"2023-12-06","CUST281","Male",35,"Beauty",4,50,200
282,"2023-01-14","CUST282","Female",26,"Clothing",1,500,500
283,"2023-07-06","CUST283","Female",48,"Clothing",4,300,1200
284,"2023-06-24","CUST284","Female",21,"Clothing",3,100,300
285,"2023-11-04","CUST285","Male",60,"Electronics",4,25,100
286,"2023-08-27","CUST286","Male",50,"Clothing",4,50,200
287,"2023-06-09","CUST287","Female",64,"Beauty",3,300,900
288,"2023-11-26","CUST288","Female",31,"Beauty",1,100,100
289,"2023-01-15","CUST289","Male",46,"Clothing",2,25,50
290,"2023-08-19","CUST290","Female",25,"Beauty",1,30,30
291,"2023-09-23","CUST291","Female",58,"Clothing",4,25,100
292,"2023-07-24","CUST292","Female",61,"Beauty",4,500,2000
293,"2023-01-16","CUST293","Female",24,"Electronics",1,30,30
294,"2023-07-15","CUST294","Male",64,"Beauty",3,25,75
295,"2023-01-05","CUST295","Male",55,"Clothing",4,100,400
296,"2023-10-25","CUST296","Male",20,"Beauty",2,30,60
297,"2023-06-30","CUST297","Male",27,"Beauty",1,30,30
298,"2023-06-15","CUST298","Male",54,"Electronics",2,100,200
299,"2023-08-01","CUST299","Female",26,"Electronics",2,100,200
300,"2023-12-20","CUST300","Male",18,"Electronics",4,100,400
301,"2023-06-12","CUST301","Male",43,"Beauty",4,50,200
302,"2023-11-21","CUST302","Male",63,"Beauty",2,30,60
303,"2023-10-17","CUST303","Female",56,"Beauty",3,50,150
304,"2023-12-06","CUST304","Male",48,"Electronics",3,30,90
305,"2023-09-08","CUST305","Male",22,"Beauty",3,100,300
306,"2023-09-12","CUST306","Male",20,"Clothing",4,30,120
307,"2023-02-06","CUST307","Male",60,"Clothing",2,100,200
308,"2023-09-04","CUST308","Male",58,"Electronics",4,300,1200
309,"2023-07-23","CUST309","Male",37,"Beauty",4,50,200
310,"2023-04-05","CUST310","Male",22,"Beauty",3,100,300
311,"2023-01-06","CUST311","Male",52,"Clothing",3,30,90
312,"2023-04-30","CUST312","Female",57,"Clothing",1,500,500
313,"2023-01-11","CUST313","Female",22,"Clothing",1,25,25
314,"2023-10-16","CUST314","Female",62,"Electronics",3,25,75
315,"2023-04-18","CUST315","Male",53,"Clothing",2,100,200
316,"2023-07-28","CUST316","Male",35,"Electronics",2,500,1000
317,"2023-11-27","CUST317","Male",64,"Beauty",1,100,100
318,"2023-01-20","CUST318","Male",24,"Electronics",3,50,150
319,"2023-09-03","CUST319","Male",40,"Electronics",1,50,50
320,"2023-10-17","CUST320","Male",53,"Electronics",1,300,300
321,"2023-08-23","CUST321","Male",23,"Beauty",2,100,200
322,"2023-06-26","CUST322","Female",63,"Clothing",3,30,90
323,"2023-11-12","CUST323","Male",28,"Beauty",1,500,500
324,"2023-06-04","CUST324","Female",32,"Clothing",3,30,90
325,"2023-02-20","CUST325","Female",29,"Beauty",1,50,50
326,"2023-03-05","CUST326","Female",31,"Beauty",4,25,100
327,"2023-03-11","CUST327","Female",29,"Beauty",3,50,150
328,"2023-08-04","CUST328","Male",20,"Beauty",4,300,1200
329,"2023-03-18","CUST329","Male",59,"Clothing",4,30,120
330,"2023-09-16","CUST330","Male",20,"Beauty",4,300,1200
331,"2023-08-07","CUST331","Male",35,"Clothing",3,100,300
332,"2023-10-18","CUST332","Male",21,"Beauty",3,300,900
333,"2023-08-08","CUST333","Female",28,"Electronics",2,300,600
334,"2023-05-22","CUST334","Female",21,"Beauty",3,50,150
335,"2023-01-20","CUST335","Male",34,"Clothing",1,100,100
336,"2023-11-30","CUST336","Male",23,"Electronics",2,50,100
337,"2023-01-17","CUST337","Female",48,"Beauty",4,300,1200
338,"2023-03-25","CUST338","Male",24,"Beauty",2,25,50
339,"2023-04-01","CUST339","Male",39,"Clothing",1,300,300
340,"2023-11-11","CUST340","Male",59,"Beauty",2,100,200
341,"2023-03-09","CUST341","Female",39,"Electronics",3,500,1500
342,"2023-11-01","CUST342","Male",25,"Clothing",2,30,60
343,"2023-08-19","CUST343","Female",64,"Clothing",2,25,50
344,"2023-11-22","CUST344","Female",35,"Electronics",1,500,500
345,"2023-05-22","CUST345","Female",43,"Electronics",2,500,1000
346,"2023-07-21","CUST346","Male",51,"Beauty",4,100,400
347,"2023-11-24","CUST347","Male",29,"Beauty",4,50,200
348,"2023-01-19","CUST348","Male",30,"Clothing",1,50,50
349,"2023-09-03","CUST349","Male",32,"Clothing",3,500,1500
350,"2023-10-01","CUST350","Female",56,"Clothing",2,300,600
351,"2023-08-07","CUST351","Female",29,"Electronics",2,100,200
352,"2023-06-20","CUST352","Female",59,"Clothing",2,100,200
353,"2023-10-23","CUST353","Female",21,"Clothing",4,30,120
354,"2023-10-21","CUST354","Female",40,"Electronics",1,30,30
355,"2023-03-26","CUST355","Male",60,"Electronics",3,300,900
356,"2023-02-06","CUST356","Female",27,"Electronics",3,25,75
357,"2023-07-13","CUST357","Female",26,"Beauty",4,50,200
358,"2023-12-27","CUST358","Female",27,"Clothing",1,300,300
359,"2023-10-26","CUST359","Female",21,"Clothing",4,500,2000
360,"2023-04-26","CUST360","Male",25,"Clothing",1,50,50
361,"2023-09-02","CUST361","Female",59,"Beauty",2,500,1000
362,"2023-07-09","CUST362","Female",49,"Electronics",1,25,25
363,"2023-04-29","CUST363","Male",56,"Beauty",2,500,1000
364,"2023-12-24","CUST364","Male",29,"Electronics",4,30,120
365,"2023-03-13","CUST365","Female",20,"Beauty",4,25,100
366,"2023-11-03","CUST366","Male",61,"Clothing",1,100,100
367,"2023-11-24","CUST367","Male",34,"Clothing",1,100,100
368,"2023-04-30","CUST368","Male",36,"Beauty",4,30,120
369,"2023-01-29","CUST369","Male",22,"Beauty",1,300,300
370,"2023-01-04","CUST370","Male",52,"Clothing",3,300,900
371,"2023-01-18","CUST371","Female",46,"Electronics",4,500,2000
372,"2023-03-20","CUST372","Male",42,"Electronics",3,300,900
373,"2023-02-06","CUST373","Female",46,"Electronics",2,25,50
374,"2023-02-19","CUST374","Female",27,"Beauty",3,30,90
375,"2023-07-05","CUST375","Male",43,"Electronics",2,300,600
376,"2023-05-16","CUST376","Male",43,"Clothing",3,100,300
377,"2023-11-16","CUST377","Female",52,"Electronics",2,100,200
378,"2023-12-23","CUST378","Female",33,"Electronics",3,50,150
379,"2023-09-21","CUST379","Female",62,"Clothing",3,100,300
380,"2023-01-05","CUST380","Female",29,"Beauty",3,30,90
381,"2023-06-09","CUST381","Female",53,"Electronics",4,30,120
382,"2023-10-30","CUST382","Female",50,"Beauty",4,500,2000
383,"2023-08-16","CUST383","Male",27,"Clothing",3,300,900
384,"2023-01-24","CUST384","Male",37,"Clothing",2,30,60
385,"2023-02-12","CUST385","Female",34,"Clothing",4,25,100
386,"2023-04-20","CUST386","Female",38,"Clothing",3,300,900
387,"2023-11-13","CUST387","Female",21,"Beauty",4,30,120
388,"2023-03-29","CUST388","Female",60,"Clothing",4,50,200
389,"2023-10-26","CUST389","Male",61,"Beauty",1,25,25
390,"2023-09-30","CUST390","Female",62,"Electronics",1,100,100
391,"2023-04-21","CUST391","Female",21,"Clothing",3,500,1500
392,"2023-04-30","CUST392","Female",62,"Electronics",4,300,1200
393,"2023-09-03","CUST393","Male",29,"Electronics",3,50,150
394,"2023-10-07","CUST394","Male",55,"Clothing",2,50,100
395,"2023-10-24","CUST395","Male",46,"Clothing",3,50,150
396,"2023-05-21","CUST396","Female",38,"Clothing",1,25,25
397,"2023-07-11","CUST397","Female",50,"Beauty",4,50,200
398,"2023-09-09","CUST398","Male",47,"Electronics",3,30,90
399,"2023-04-27","CUST399","Female",39,"Clothing",4,500,2000
400,"2023-04-21","CUST400","Female",56,"Electronics",1,100,100
401,"2023-09-07","CUST401","Female",60,"Beauty",4,30,120
402,"2023-06-19","CUST402","Female",37,"Clothing",2,300,600
403,"2023-04-22","CUST403","Male",19,"Beauty",3,30,90
404,"2023-05-27","CUST404","Female",21,"Beauty",3,300,900
405,"2023-02-22","CUST405","Male",60,"Electronics",3,500,1500
406,"2023-11-01","CUST406","Female",59,"Beauty",3,500,1500
407,"2023-12-31","CUST407","Male",20,"Beauty",3,500,1500
408,"2023-01-30","CUST408","Female",61,"Beauty",3,500,1500
409,"2023-01-27","CUST409","Male",30,"Electronics",4,300,1200
410,"2023-05-24","CUST410","Female",22,"Clothing",3,100,300
411,"2023-03-23","CUST411","Female",48,"Clothing",4,50,200
412,"2023-10-21","CUST412","Male",24,"Beauty",2,300,600
413,"2023-07-18","CUST413","Female",37,"Clothing",2,300,600
414,"2023-02-16","CUST414","Male",41,"Clothing",3,100,300
415,"2023-04-09","CUST415","Male",45,"Electronics",4,50,200
416,"2023-10-02","CUST416","Male",48,"Clothing",2,50,100
417,"2023-07-13","CUST417","Male",36,"Clothing",2,300,600
418,"2023-04-21","CUST418","Female",27,"Beauty",4,30,120
419,"2023-12-27","CUST419","Male",62,"Beauty",2,50,100
420,"2023-10-16","CUST420","Female",56,"Beauty",1,50,50
421,"2023-08-29","CUST421","Male",48,"Clothing",3,30,90
422,"2023-03-03","CUST422","Female",20,"Beauty",4,500,2000
423,"2023-12-21","CUST423","Female",55,"Electronics",1,100,100
424,"2023-01-29","CUST424","Male",54,"Clothing",4,100,400
425,"2023-06-16","CUST425","Male",30,"Electronics",1,500,500
426,"2023-05-20","CUST426","Female",54,"Beauty",4,30,120
427,"2023-07-01","CUST427","Male",27,"Beauty",1,25,25
428,"2023-02-07","CUST428","Female",52,"Electronics",3,50,150
429,"2023-10-01","CUST429","Female",43,"Beauty",1,50,50
430,"2023-06-07","CUST430","Male",21,"Clothing",1,25,25
431,"2023-11-06","CUST431","Female",55,"Clothing",1,500,500
432,"2023-06-02","CUST432","Male",55,"Clothing",3,300,900
433,"2023-04-05","CUST433","Male",55,"Clothing",2,100,200
434,"2023-04-30","CUST434","Female",38,"Electronics",3,50,150
435,"2023-09-20","CUST435","Female",19,"Electronics",4,30,120
436,"2023-09-20","CUST436","Female",21,"Electronics",4,50,200
437,"2023-04-13","CUST437","Female",26,"Beauty",2,100,200
438,"2023-09-15","CUST438","Female",20,"Electronics",2,25,50
439,"2023-04-18","CUST439","Female",50,"Electronics",3,500,1500
440,"2023-08-21","CUST440","Male",36,"Beauty",4,50,200
441,"2023-02-06","CUST441","Male",30,"Beauty",3,30,90
442,"2023-10-15","CUST442","Female",24,"Electronics",3,300,900
443,"2023-05-30","CUST443","Female",43,"Electronics",4,25,100
444,"2023-10-28","CUST444","Male",57,"Electronics",4,300,1200
445,"2023-06-16","CUST445","Female",28,"Electronics",1,100,100
446,"2023-05-01","CUST446","Male",48,"Electronics",1,30,30
447,"2023-06-21","CUST447","Female",40,"Clothing",1,300,300
448,"2023-08-24","CUST448","Male",30,"Clothing",4,25,100
449,"2023-07-03","CUST449","Female",34,"Beauty",1,100,100
450,"2023-07-29","CUST450","Male",44,"Beauty",4,30,120
451,"2023-05-05","CUST451","Male",62,"Clothing",2,30,60
452,"2023-05-26","CUST452","Female",55,"Clothing",1,30,30
453,"2023-09-15","CUST453","Female",41,"Clothing",3,25,75
454,"2023-08-02","CUST454","Female",32,"Clothing",2,25,50
455,"2023-09-05","CUST455","Male",51,"Beauty",2,25,50
456,"2023-06-27","CUST456","Male",62,"Clothing",4,500,2000
457,"2023-03-23","CUST457","Male",46,"Beauty",4,50,200
458,"2023-01-23","CUST458","Female",51,"Beauty",2,30,60
459,"2023-03-09","CUST459","Female",18,"Electronics",4,500,2000
460,"2023-11-05","CUST460","Male",63,"Electronics",2,30,60
461,"2023-04-20","CUST461","Female",55,"Beauty",3,300,900
462,"2023-04-26","CUST462","Male",34,"Clothing",3,100,300
463,"2023-08-20","CUST463","Female",60,"Clothing",1,100,100
464,"2023-05-26","CUST464","Male",40,"Beauty",1,300,300
465,"2023-01-28","CUST465","Female",27,"Electronics",2,500,1000
466,"2023-04-20","CUST466","Female",26,"Clothing",3,30,90
467,"2023-07-15","CUST467","Male",56,"Beauty",1,300,300
468,"2023-08-06","CUST468","Male",48,"Electronics",3,300,900
469,"2023-07-22","CUST469","Male",19,"Clothing",4,30,120
470,"2023-03-04","CUST470","Male",39,"Beauty",3,30,90
471,"2023-11-29","CUST471","Male",22,"Electronics",2,300,600
472,"2023-07-12","CUST472","Male",63,"Clothing",1,50,50
473,"2023-09-09","CUST473","Female",20,"Electronics",2,25,50
474,"2023-05-05","CUST474","Male",28,"Electronics",4,100,400
475,"2023-03-17","CUST475","Female",19,"Clothing",4,300,1200
476,"2023-10-02","CUST476","Male",18,"Beauty",2,100,200
477,"2023-06-12","CUST477","Male",41,"Electronics",1,30,30
478,"2023-01-13","CUST478","Female",44,"Beauty",1,25,25
479,"2023-12-06","CUST479","Male",58,"Clothing",3,30,90
480,"2023-08-09","CUST480","Male",40,"Clothing",4,30,120
481,"2023-07-20","CUST481","Male",61,"Beauty",1,500,500
482,"2023-08-15","CUST482","Male",58,"Beauty",1,100,100
483,"2023-06-24","CUST483","Female",29,"Clothing",3,300,900
484,"2023-07-17","CUST484","Male",59,"Electronics",2,25,50
485,"2023-03-11","CUST485","Female",30,"Beauty",3,50,150
486,"2023-09-04","CUST486","Male",50,"Clothing",3,500,1500
487,"2023-06-16","CUST487","Male",61,"Electronics",2,50,100
488,"2023-02-24","CUST488","Male",36,"Beauty",1,50,50
489,"2023-02-03","CUST489","Female",48,"Clothing",3,300,900
490,"2023-11-25","CUST490","Male",35,"Electronics",4,25,100
491,"2023-03-04","CUST491","Male",31,"Electronics",2,30,60
492,"2023-12-09","CUST492","Female",39,"Beauty",3,300,900
493,"2023-04-18","CUST493","Female",24,"Electronics",1,300,300
494,"2023-08-20","CUST494","Female",34,"Beauty",4,30,120
495,"2023-09-04","CUST495","Male",56,"Electronics",1,30,30
496,"2023-09-16","CUST496","Male",57,"Beauty",3,500,1500
497,"2023-12-21","CUST497","Female",36,"Clothing",1,100,100
498,"2023-04-16","CUST498","Female",23,"Electronics",2,100,200
499,"2023-02-08","CUST499","Female",44,"Beauty",3,500,1500
500,"2023-10-16","CUST500","Female",31,"Clothing",1,300,300
501,"2023-09-13","CUST501","Female",53,"Electronics",3,500,1500
502,"2023-09-06","CUST502","Female",55,"Electronics",2,25,50
503,"2023-08-22","CUST503","Male",62,"Electronics",4,30,120
504,"2023-07-16","CUST504","Female",64,"Beauty",4,50,200
505,"2023-04-14","CUST505","Male",26,"Electronics",2,500,1000
506,"2023-01-26","CUST506","Male",59,"Beauty",1,25,25
507,"2023-09-11","CUST507","Female",34,"Clothing",2,500,1000
508,"2023-04-11","CUST508","Female",25,"Clothing",3,50,150
509,"2023-07-28","CUST509","Female",54,"Beauty",2,100,200
510,"2023-12-14","CUST510","Male",36,"Electronics",3,50,150
511,"2023-06-29","CUST511","Male",22,"Electronics",1,50,50
512,"2023-10-21","CUST512","Male",60,"Electronics",1,30,30
513,"2023-06-16","CUST513","Female",40,"Electronics",3,50,150
514,"2023-10-27","CUST514","Female",48,"Beauty",3,500,1500
515,"2023-09-24","CUST515","Male",50,"Electronics",3,25,75
516,"2023-02-26","CUST516","Male",61,"Clothing",2,50,100
517,"2023-04-27","CUST517","Female",46,"Clothing",3,30,90
518,"2023-04-06","CUST518","Female",36,"Electronics",3,30,90
519,"2023-03-26","CUST519","Male",49,"Electronics",4,500,2000
520,"2023-02-06","CUST520","Male",45,"Clothing",1,100,100
521,"2023-03-03","CUST521","Male",27,"Clothing",1,500,500
522,"2023-08-27","CUST522","Female",64,"Beauty",2,300,600
523,"2023-06-30","CUST523","Female",45,"Clothing",1,500,500
524,"2023-12-30","CUST524","Female",51,"Electronics",2,500,1000
525,"2023-04-17","CUST525","Male",26,"Beauty",1,50,50
526,"2023-03-29","CUST526","Male",59,"Beauty",4,50,200
527,"2023-03-13","CUST527","Female",38,"Electronics",3,100,300
528,"2023-11-20","CUST528","Female",42,"Electronics",3,300,900
529,"2023-09-13","CUST529","Male",39,"Electronics",3,300,900
530,"2023-03-08","CUST530","Male",38,"Beauty",4,100,400
531,"2023-05-11","CUST531","Male",44,"Clothing",1,500,500
532,"2023-03-03","CUST532","Male",31,"Beauty",1,100,100
533,"2023-03-10","CUST533","Female",41,"Clothing",3,500,1500
534,"2023-04-20","CUST534","Female",36,"Clothing",2,30,60
535,"2023-07-20","CUST535","Female",55,"Clothing",1,25,25
536,"2023-10-12","CUST536","Male",21,"Electronics",3,300,900
537,"2023-08-11","CUST537","Male",42,"Beauty",2,25,50
538,"2023-12-28","CUST538","Male",21,"Beauty",3,25,75
539,"2023-03-31","CUST539","Male",40,"Clothing",2,50,100
540,"2023-02-07","CUST540","Female",36,"Beauty",3,300,900
541,"2023-12-22","CUST541","Female",33,"Clothing",1,30,30
542,"2023-03-19","CUST542","Male",30,"Beauty",1,50,50
543,"2023-11-17","CUST543","Female",30,"Beauty",2,100,200
544,"2023-02-25","CUST544","Female",54,"Electronics",1,30,30
545,"2023-08-08","CUST545","Female",29,"Beauty",3,50,150
546,"2023-08-23","CUST546","Female",35,"Electronics",2,25,50
547,"2023-08-30","CUST547","Female",36,"Clothing",1,300,300
548,"2023-11-28","CUST548","Male",34,"Clothing",2,300,600
549,"2023-01-22","CUST549","Female",61,"Beauty",1,300,300
550,"2023-11-04","CUST550","Male",28,"Beauty",1,50,50
551,"2023-11-20","CUST551","Male",50,"Clothing",4,30,120
552,"2023-06-25","CUST552","Male",48,"Beauty",1,100,100
553,"2023-08-18","CUST553","Male",36,"Beauty",1,50,50
554,"2023-10-05","CUST554","Male",44,"Beauty",3,500,1500
555,"2023-10-27","CUST555","Female",62,"Clothing",4,500,2000
556,"2023-03-20","CUST556","Female",64,"Clothing",1,50,50
557,"2023-07-05","CUST557","Male",30,"Beauty",2,25,50
558,"2023-06-15","CUST558","Female",58,"Electronics",3,100,300
559,"2023-04-19","CUST559","Female",36,"Beauty",4,300,1200
560,"2023-07-18","CUST560","Female",29,"Beauty",1,30,30
561,"2023-09-12","CUST561","Female",24,"Electronics",1,50,50
562,"2023-01-23","CUST562","Male",57,"Clothing",2,300,600
563,"2023-08-18","CUST563","Female",52,"Electronics",3,100,300
564,"2023-05-19","CUST564","Female",59,"Clothing",2,300,600
565,"2023-01-12","CUST565","Male",50,"Electronics",3,500,1500
566,"2023-02-01","CUST566","Female",63,"Beauty",3,500,1500
567,"2023-12-30","CUST567","Male",32,"Electronics",2,100,200
568,"2023-07-02","CUST568","Female",60,"Beauty",4,30,120
569,"2023-03-24","CUST569","Female",50,"Clothing",4,300,1200
570,"2023-02-26","CUST570","Male",48,"Clothing",2,300,600
571,"2023-09-27","CUST571","Female",27,"Clothing",4,300,1200
572,"2023-04-05","CUST572","Male",53,"Electronics",2,50,100
573,"2023-10-06","CUST573","Male",34,"Beauty",1,50,50
574,"2023-04-30","CUST574","Female",62,"Electronics",2,500,1000
575,"2023-11-28","CUST575","Female",18,"Clothing",4,30,120
576,"2023-08-25","CUST576","Male",62,"Clothing",3,25,75
577,"2023-06-12","CUST577","Male",25,"Clothing",1,500,500
578,"2023-05-29","CUST578","Female",42,"Clothing",1,500,500
579,"2023-09-14","CUST579","Male",64,"Beauty",4,25,100
580,"2023-06-02","CUST580","Female",30,"Beauty",4,300,1200
581,"2023-07-03","CUST581","Female",47,"Beauty",2,50,100
582,"2023-06-13","CUST582","Male",20,"Beauty",4,30,120
583,"2023-05-25","CUST583","Male",50,"Electronics",3,25,75
584,"2023-11-21","CUST584","Male",43,"Beauty",3,500,1500
585,"2023-05-29","CUST585","Male",61,"Beauty",1,500,500
586,"2023-02-05","CUST586","Male",18,"Beauty",2,25,50
587,"2023-10-21","CUST587","Female",58,"Electronics",3,30,90
588,"2023-10-14","CUST588","Male",47,"Beauty",2,500,1000
589,"2023-03-04","CUST589","Male",32,"Clothing",4,100,400
590,"2023-10-17","CUST590","Male",22,"Beauty",1,300,300
591,"2023-04-15","CUST591","Female",56,"Beauty",2,100,200
592,"2023-04-04","CUST592","Male",49,"Electronics",3,30,90
593,"2023-01-06","CUST593","Female",55,"Clothing",2,300,600
594,"2023-06-19","CUST594","Male",36,"Beauty",1,500,500
595,"2023-01-28","CUST595","Male",29,"Beauty",1,300,300
596,"2023-07-07","CUST596","Female",56,"Electronics",3,500,1500
597,"2023-05-30","CUST597","Male",57,"Beauty",2,300,600
598,"2023-06-18","CUST598","Female",22,"Clothing",4,300,1200
599,"2023-08-12","CUST599","Female",30,"Clothing",2,500,1000
600,"2023-03-24","CUST600","Female",57,"Electronics",3,300,900
601,"2023-08-11","CUST601","Female",34,"Clothing",2,30,60
602,"2023-01-19","CUST602","Male",41,"Clothing",4,500,2000
603,"2023-08-22","CUST603","Female",23,"Clothing",1,50,50
604,"2023-09-24","CUST604","Male",19,"Electronics",4,30,120
605,"2023-06-24","CUST605","Female",58,"Electronics",3,25,75
606,"2023-12-22","CUST606","Female",62,"Electronics",1,100,100
607,"2023-04-06","CUST607","Female",20,"Beauty",4,300,1200
608,"2023-12-17","CUST608","Male",30,"Electronics",3,500,1500
609,"2023-04-02","CUST609","Male",31,"Clothing",2,25,50
610,"2023-07-08","CUST610","Female",36,"Electronics",3,100,300
611,"2023-09-23","CUST611","Male",60,"Clothing",4,50,200
612,"2023-07-01","CUST612","Female",58,"Clothing",1,50,50
613,"2023-08-14","CUST613","Female",55,"Electronics",1,500,500
614,"2023-06-13","CUST614","Male",35,"Beauty",3,30,90
615,"2023-07-05","CUST615","Female",37,"Electronics",2,300,600
616,"2023-02-20","CUST616","Male",23,"Electronics",2,30,60
617,"2023-04-16","CUST617","Female",52,"Clothing",1,300,300
618,"2023-11-11","CUST618","Female",19,"Electronics",4,500,2000
619,"2023-09-01","CUST619","Female",54,"Beauty",2,300,600
620,"2023-02-04","CUST620","Female",58,"Clothing",3,25,75
621,"2023-10-16","CUST621","Female",59,"Beauty",1,50,50
622,"2023-01-12","CUST622","Male",39,"Clothing",4,30,120
623,"2023-11-09","CUST623","Female",49,"Electronics",4,100,400
624,"2023-01-26","CUST624","Female",53,"Beauty",3,300,900
625,"2023-07-19","CUST625","Male",34,"Electronics",4,50,200
626,"2023-11-17","CUST626","Male",22,"Beauty",1,300,300
627,"2023-10-13","CUST627","Male",41,"Clothing",2,25,50
628,"2023-04-09","CUST628","Male",47,"Clothing",3,25,75
629,"2023-03-21","CUST629","Female",63,"Clothing",1,500,500
630,"2023-01-06","CUST630","Male",54,"Electronics",4,30,120
631,"2023-12-11","CUST631","Male",59,"Beauty",3,25,75
632,"2023-01-24","CUST632","Male",60,"Electronics",3,50,150
633,"2023-06-02","CUST633","Male",35,"Beauty",4,500,2000
634,"2023-12-31","CUST634","Female",40,"Beauty",1,25,25
635,"2023-04-14","CUST635","Female",38,"Clothing",3,300,900
636,"2023-12-17","CUST636","Male",27,"Beauty",4,30,120
637,"2023-05-24","CUST637","Male",31,"Electronics",1,30,30
638,"2023-03-19","CUST638","Male",20,"Beauty",4,25,100
639,"2023-04-13","CUST639","Female",40,"Clothing",4,100,400
640,"2023-04-13","CUST640","Female",18,"Electronics",4,25,100
641,"2023-02-27","CUST641","Male",42,"Beauty",3,300,900
642,"2023-11-30","CUST642","Male",42,"Clothing",1,100,100
643,"2023-04-17","CUST643","Female",39,"Beauty",4,300,1200
644,"2023-03-10","CUST644","Female",52,"Electronics",4,25,100
645,"2023-07-28","CUST645","Female",44,"Electronics",2,300,600
646,"2023-07-13","CUST646","Female",28,"Clothing",4,100,400
647,"2023-09-20","CUST647","Male",63,"Electronics",3,25,75
648,"2023-09-23","CUST648","Female",49,"Electronics",3,500,1500
649,"2023-09-01","CUST649","Male",18,"Clothing",2,50,100
650,"2023-12-25","CUST650","Male",54,"Clothing",4,25,100
651,"2023-12-10","CUST651","Male",28,"Clothing",2,25,50
652,"2023-01-18","CUST652","Female",58,"Beauty",1,100,100
653,"2023-02-16","CUST653","Female",23,"Beauty",4,300,1200
654,"2023-07-01","CUST654","Female",30,"Electronics",1,30,30
655,"2023-07-22","CUST655","Male",40,"Electronics",1,300,300
656,"2023-01-03","CUST656","Male",33,"Beauty",3,100,300
657,"2023-05-20","CUST657","Male",35,"Beauty",3,100,300
658,"2023-09-05","CUST658","Female",26,"Electronics",3,300,900
659,"2023-02-04","CUST659","Male",61,"Beauty",1,25,25
660,"2023-09-12","CUST660","Male",22,"Beauty",1,500,500
661,"2023-09-12","CUST661","Female",27,"Electronics",2,500,1000
662,"2023-11-09","CUST662","Male",35,"Electronics",2,300,600
663,"2023-11-03","CUST663","Male",33,"Electronics",4,25,100
664,"2023-01-29","CUST664","Female",34,"Beauty",1,100,100
665,"2023-01-18","CUST665","Female",49,"Clothing",1,300,300
666,"2023-09-23","CUST666","Female",35,"Electronics",3,25,75
667,"2023-03-19","CUST667","Male",19,"Electronics",2,300,600
668,"2023-02-11","CUST668","Female",29,"Electronics",4,50,200
669,"2023-12-13","CUST669","Female",21,"Electronics",1,50,50
670,"2023-09-04","CUST670","Female",35,"Electronics",4,30,120
671,"2023-03-14","CUST671","Female",47,"Clothing",4,300,1200
672,"2023-10-06","CUST672","Female",55,"Beauty",2,50,100
673,"2023-08-17","CUST673","Male",50,"Clothing",2,300,600
674,"2023-03-08","CUST674","Female",20,"Clothing",4,100,400
675,"2023-10-26","CUST675","Male",35,"Electronics",3,30,90
676,"2023-06-08","CUST676","Male",25,"Clothing",4,25,100
677,"2023-06-27","CUST677","Female",34,"Clothing",3,25,75
678,"2023-12-20","CUST678","Male",29,"Electronics",2,300,600
679,"2023-03-02","CUST679","Female",63,"Clothing",4,300,1200
680,"2023-04-06","CUST680","Female",53,"Clothing",4,50,200
681,"2023-12-10","CUST681","Male",33,"Beauty",1,50,50
682,"2023-10-23","CUST682","Male",38,"Electronics",3,50,150
683,"2023-12-30","CUST683","Female",64,"Clothing",1,30,30
684,"2023-07-28","CUST684","Male",26,"Beauty",4,300,1200
685,"2023-04-27","CUST685","Female",23,"Clothing",4,100,400
686,"2023-10-02","CUST686","Male",64,"Clothing",3,300,900
687,"2023-09-25","CUST687","Male",63,"Beauty",3,500,1500
688,"2023-03-07","CUST688","Male",28,"Beauty",4,500,2000
689,"2023-08-29","CUST689","Male",20,"Clothing",4,25,100
690,"2023-11-16","CUST690","Male",47,"Clothing",4,500,2000
691,"2023-12-31","CUST691","Male",62,"Beauty",3,30,90
692,"2023-09-22","CUST692","Female",48,"Clothing",2,300,600
693,"2023-10-22","CUST693","Male",64,"Clothing",1,500,500
694,"2023-02-19","CUST694","Female",22,"Beauty",2,100,200
695,"2023-09-12","CUST695","Male",27,"Clothing",1,25,25
696,"2023-07-15","CUST696","Female",48,"Electronics",1,500,500
697,"2023-08-15","CUST697","Female",45,"Beauty",3,100,300
698,"2023-11-12","CUST698","Male",21,"Electronics",4,25,100
699,"2023-04-23","CUST699","Male",22,"Clothing",4,30,120
700,"2023-08-13","CUST700","Female",60,"Electronics",2,50,100
701,"2023-04-10","CUST701","Female",43,"Beauty",1,25,25
702,"2023-01-26","CUST702","Male",53,"Clothing",4,100,400
703,"2023-03-10","CUST703","Male",21,"Electronics",4,25,100
704,"2023-11-16","CUST704","Male",49,"Beauty",1,30,30
705,"2023-03-16","CUST705","Female",58,"Beauty",1,300,300
706,"2023-06-13","CUST706","Female",63,"Clothing",4,50,200
707,"2023-05-18","CUST707","Female",52,"Clothing",3,100,300
708,"2023-12-13","CUST708","Female",52,"Beauty",2,500,1000
709,"2023-08-17","CUST709","Female",60,"Beauty",1,100,100
710,"2023-04-10","CUST710","Male",55,"Electronics",1,25,25
711,"2023-08-27","CUST711","Female",33,"Electronics",4,300,1200
712,"2023-11-26","CUST712","Male",34,"Beauty",4,25,100
713,"2023-07-01","CUST713","Female",40,"Electronics",2,100,200
714,"2023-08-29","CUST714","Male",44,"Electronics",1,30,30
715,"2023-12-05","CUST715","Male",23,"Electronics",2,50,100
716,"2023-12-05","CUST716","Female",26,"Clothing",3,300,900
717,"2023-01-17","CUST717","Female",63,"Clothing",2,50,100
718,"2023-01-02","CUST718","Female",47,"Electronics",3,300,900
719,"2023-03-06","CUST719","Female",59,"Electronics",4,500,2000
720,"2023-03-08","CUST720","Male",25,"Clothing",4,30,120
721,"2023-05-25","CUST721","Male",50,"Clothing",2,300,600
722,"2023-04-14","CUST722","Female",27,"Clothing",3,25,75
723,"2023-05-27","CUST723","Female",45,"Electronics",2,300,600
724,"2023-01-10","CUST724","Male",59,"Clothing",4,100,400
725,"2023-07-16","CUST725","Female",53,"Beauty",4,30,120
726,"2023-04-28","CUST726","Male",49,"Electronics",4,50,200
727,"2023-10-07","CUST727","Male",22,"Clothing",4,300,1200
728,"2023-11-04","CUST728","Female",24,"Electronics",3,300,900
729,"2023-11-18","CUST729","Female",39,"Beauty",2,50,100
730,"2023-07-12","CUST730","Male",44,"Beauty",3,50,150
731,"2023-06-29","CUST731","Female",47,"Electronics",3,50,150
732,"2023-01-05","CUST732","Male",56,"Clothing",1,500,500
733,"2023-12-27","CUST733","Female",30,"Beauty",2,30,60
734,"2023-05-30","CUST734","Female",34,"Beauty",3,50,150
735,"2023-10-30","CUST735","Female",45,"Clothing",3,300,900
736,"2023-07-15","CUST736","Female",45,"Beauty",2,50,100
737,"2023-10-14","CUST737","Female",39,"Electronics",2,300,600
738,"2023-06-21","CUST738","Male",46,"Electronics",3,50,150
739,"2023-09-03","CUST739","Female",52,"Beauty",2,25,50
740,"2023-01-08","CUST740","Female",60,"Electronics",4,300,1200
741,"2023-06-15","CUST741","Female",53,"Clothing",1,100,100
742,"2023-07-29","CUST742","Female",37,"Beauty",3,300,900
743,"2023-04-10","CUST743","Female",24,"Clothing",4,300,1200
744,"2023-05-26","CUST744","Female",64,"Beauty",4,300,1200
745,"2023-07-26","CUST745","Female",48,"Electronics",3,30,90
746,"2023-03-10","CUST746","Male",30,"Beauty",3,100,300
747,"2023-11-23","CUST747","Male",36,"Clothing",1,500,500
748,"2023-07-11","CUST748","Male",29,"Clothing",4,300,1200
749,"2023-02-07","CUST749","Female",22,"Clothing",4,100,400
750,"2023-01-29","CUST750","Male",29,"Electronics",3,300,900
751,"2023-01-22","CUST751","Female",38,"Electronics",1,30,30
752,"2023-08-12","CUST752","Male",31,"Clothing",4,500,2000
753,"2023-12-19","CUST753","Male",26,"Electronics",3,300,900
754,"2023-09-26","CUST754","Male",37,"Electronics",4,100,400
755,"2023-05-24","CUST755","Female",18,"Beauty",2,30,60
756,"2023-09-02","CUST756","Female",34,"Clothing",4,100,400
757,"2023-09-06","CUST757","Female",29,"Clothing",3,25,75
758,"2023-07-13","CUST758","Male",40,"Clothing",2,500,1000
759,"2023-03-31","CUST759","Female",40,"Beauty",3,30,90
760,"2023-06-23","CUST760","Male",20,"Clothing",1,30,30
761,"2023-09-10","CUST761","Female",22,"Beauty",1,100,100
762,"2023-02-12","CUST762","Female",34,"Electronics",2,100,200
763,"2023-09-23","CUST763","Male",56,"Clothing",4,300,1200
764,"2023-08-17","CUST764","Female",43,"Beauty",2,100,200
765,"2023-04-08","CUST765","Male",33,"Clothing",1,300,300
766,"2023-08-11","CUST766","Female",29,"Electronics",4,500,2000
767,"2023-10-07","CUST767","Female",56,"Electronics",2,30,60
768,"2023-04-26","CUST768","Male",22,"Clothing",1,30,30
769,"2023-02-14","CUST769","Male",37,"Clothing",2,100,200
770,"2023-10-27","CUST770","Male",61,"Clothing",1,500,500
771,"2023-07-25","CUST771","Male",55,"Clothing",4,25,100
772,"2023-12-23","CUST772","Female",35,"Beauty",4,50,200
773,"2023-09-19","CUST773","Male",46,"Clothing",1,300,300
774,"2023-10-17","CUST774","Male",56,"Electronics",3,300,900
775,"2023-02-08","CUST775","Female",43,"Beauty",4,100,400
776,"2023-12-02","CUST776","Female",35,"Beauty",4,500,2000
777,"2023-11-27","CUST777","Female",26,"Beauty",4,30,120
778,"2023-06-24","CUST778","Male",22,"Clothing",3,300,900
779,"2023-07-21","CUST779","Female",49,"Electronics",3,500,1500
780,"2023-07-18","CUST780","Male",30,"Electronics",2,100,200
781,"2023-07-28","CUST781","Male",33,"Clothing",1,30,30
782,"2023-08-24","CUST782","Female",58,"Electronics",4,500,2000
783,"2023-10-14","CUST783","Female",47,"Clothing",4,300,1200
784,"2023-12-04","CUST784","Female",49,"Clothing",2,30,60
785,"2023-09-04","CUST785","Female",53,"Electronics",1,100,100
786,"2023-05-23","CUST786","Male",19,"Beauty",1,50,50
787,"2023-05-21","CUST787","Male",24,"Electronics",2,50,100
788,"2023-04-19","CUST788","Female",30,"Beauty",3,30,90
789,"2023-12-20","CUST789","Male",24,"Beauty",1,300,300
790,"2023-01-28","CUST790","Female",50,"Electronics",1,30,30
791,"2023-03-10","CUST791","Male",32,"Electronics",3,300,900
792,"2023-03-21","CUST792","Male",49,"Clothing",1,300,300
793,"2023-08-03","CUST793","Female",23,"Electronics",1,30,30
794,"2023-09-27","CUST794","Female",52,"Electronics",3,300,900
795,"2023-03-29","CUST795","Female",27,"Electronics",3,500,1500
796,"2023-10-29","CUST796","Female",55,"Electronics",1,30,30
797,"2023-09-16","CUST797","Female",46,"Beauty",1,25,25
798,"2023-05-06","CUST798","Male",37,"Beauty",4,30,120
799,"2023-07-05","CUST799","Female",50,"Beauty",4,25,100
800,"2023-01-27","CUST800","Female",50,"Beauty",2,50,100
801,"2023-04-30","CUST801","Male",61,"Beauty",4,25,100
802,"2023-07-16","CUST802","Male",42,"Clothing",1,50,50
803,"2023-09-17","CUST803","Female",29,"Clothing",2,300,600
804,"2023-03-28","CUST804","Female",64,"Beauty",4,25,100
805,"2023-05-20","CUST805","Female",41,"Electronics",3,300,900
806,"2023-12-09","CUST806","Female",53,"Beauty",1,100,100
807,"2023-04-29","CUST807","Male",55,"Clothing",1,25,25
808,"2023-05-06","CUST808","Female",44,"Clothing",4,30,120
809,"2023-07-13","CUST809","Male",56,"Beauty",1,500,500
810,"2023-09-13","CUST810","Female",60,"Electronics",2,300,600
811,"2023-06-11","CUST811","Female",58,"Electronics",2,50,100
812,"2023-07-12","CUST812","Male",62,"Beauty",3,300,900
813,"2023-09-06","CUST813","Male",47,"Beauty",4,30,120
814,"2023-02-15","CUST814","Female",51,"Clothing",4,30,120
815,"2023-06-26","CUST815","Female",51,"Electronics",2,500,1000
816,"2023-09-11","CUST816","Male",24,"Clothing",2,25,50
817,"2023-03-26","CUST817","Male",47,"Electronics",4,300,1200
818,"2023-04-26","CUST818","Female",18,"Electronics",1,30,30
819,"2023-12-10","CUST819","Female",40,"Beauty",1,30,30
820,"2023-08-06","CUST820","Male",30,"Beauty",4,25,100
821,"2023-01-16","CUST821","Male",63,"Beauty",2,50,100
822,"2023-09-20","CUST822","Male",57,"Clothing",1,50,50
823,"2023-08-08","CUST823","Female",48,"Electronics",1,50,50
824,"2023-12-18","CUST824","Male",43,"Clothing",3,30,90
825,"2023-01-03","CUST825","Male",23,"Clothing",1,500,500
826,"2023-06-15","CUST826","Female",37,"Beauty",2,50,100
827,"2023-11-14","CUST827","Female",53,"Clothing",3,50,150
828,"2023-12-20","CUST828","Female",56,"Beauty",1,25,25
829,"2023-09-26","CUST829","Male",29,"Clothing",2,30,60
830,"2023-08-20","CUST830","Female",18,"Clothing",3,100,300
831,"2023-02-14","CUST831","Male",43,"Beauty",1,25,25
832,"2023-01-30","CUST832","Male",29,"Electronics",2,100,200
833,"2023-09-20","CUST833","Female",44,"Electronics",1,100,100
834,"2023-03-12","CUST834","Male",32,"Electronics",2,100,200
835,"2023-09-26","CUST835","Female",39,"Beauty",1,50,50
836,"2023-07-16","CUST836","Female",49,"Beauty",3,50,150
837,"2023-02-11","CUST837","Male",37,"Clothing",1,25,25
838,"2023-06-09","CUST838","Male",38,"Electronics",3,500,1500
839,"2023-06-07","CUST839","Male",36,"Clothing",3,100,300
840,"2023-04-23","CUST840","Female",46,"Clothing",3,25,75
841,"2023-09-20","CUST841","Female",30,"Electronics",3,25,75
842,"2023-03-16","CUST842","Female",36,"Electronics",3,30,90
843,"2023-09-15","CUST843","Female",47,"Electronics",1,25,25
844,"2023-11-26","CUST844","Female",29,"Clothing",2,500,1000
845,"2023-04-25","CUST845","Female",44,"Clothing",4,50,200
846,"2023-09-06","CUST846","Female",45,"Beauty",4,500,2000
847,"2023-11-07","CUST847","Female",56,"Beauty",3,300,900
848,"2023-05-01","CUST848","Female",39,"Electronics",3,50,150
849,"2023-05-21","CUST849","Female",48,"Electronics",3,100,300
850,"2023-11-26","CUST850","Female",49,"Clothing",4,25,100
851,"2023-05-06","CUST851","Female",51,"Clothing",3,50,150
852,"2023-03-06","CUST852","Female",55,"Electronics",1,50,50
853,"2023-06-27","CUST853","Female",44,"Electronics",1,100,100
854,"2023-04-03","CUST854","Female",56,"Beauty",2,100,200
855,"2023-03-31","CUST855","Female",50,"Beauty",3,100,300
856,"2023-12-08","CUST856","Female",32,"Beauty",3,30,90
857,"2023-10-05","CUST857","Female",58,"Clothing",3,50,150
858,"2023-05-01","CUST858","Female",55,"Electronics",3,25,75
859,"2023-08-24","CUST859","Female",57,"Beauty",2,100,200
860,"2023-03-21","CUST860","Female",26,"Clothing",3,100,300
861,"2023-12-19","CUST861","Female",20,"Clothing",4,500,2000
862,"2023-09-06","CUST862","Male",44,"Clothing",4,25,100
863,"2023-04-03","CUST863","Female",19,"Electronics",3,500,1500
864,"2023-11-07","CUST864","Male",58,"Electronics",3,500,1500
865,"2023-02-22","CUST865","Female",42,"Clothing",3,300,900
866,"2023-04-07","CUST866","Male",53,"Electronics",4,30,120
867,"2023-06-17","CUST867","Female",46,"Beauty",1,30,30
868,"2023-09-29","CUST868","Male",43,"Electronics",3,50,150
869,"2023-07-10","CUST869","Male",51,"Clothing",2,500,1000
870,"2023-07-01","CUST870","Female",21,"Beauty",4,30,120
871,"2023-08-19","CUST871","Female",56,"Beauty",1,300,300
872,"2023-04-07","CUST872","Female",40,"Electronics",1,500,500
873,"2023-03-19","CUST873","Male",51,"Electronics",2,300,600
874,"2023-01-26","CUST874","Female",42,"Beauty",4,25,100
875,"2023-08-30","CUST875","Female",22,"Beauty",1,100,100
876,"2023-02-01","CUST876","Female",58,"Electronics",4,30,120
877,"2023-03-15","CUST877","Female",42,"Electronics",3,50,150
878,"2023-07-01","CUST878","Male",26,"Beauty",2,30,60
879,"2023-04-25","CUST879","Female",56,"Beauty",2,100,200
880,"2023-10-08","CUST880","Female",47,"Electronics",3,50,150
881,"2023-11-24","CUST881","Female",52,"Electronics",3,100,300
882,"2023-11-08","CUST882","Female",18,"Clothing",1,100,100
883,"2023-07-28","CUST883","Female",30,"Electronics",2,500,1000
884,"2023-05-25","CUST884","Female",26,"Electronics",2,30,60
885,"2023-04-29","CUST885","Female",49,"Clothing",2,300,600
886,"2023-03-11","CUST886","Male",22,"Electronics",1,100,100
887,"2023-06-07","CUST887","Female",44,"Clothing",1,30,30
888,"2023-06-15","CUST888","Female",45,"Beauty",4,50,200
889,"2023-09-26","CUST889","Male",51,"Clothing",1,500,500
890,"2023-02-15","CUST890","Female",54,"Clothing",3,100,300
891,"2023-04-30","CUST891","Male",35,"Beauty",1,30,30
892,"2023-02-05","CUST892","Male",23,"Clothing",1,500,500
893,"2023-12-28","CUST893","Male",50,"Clothing",2,30,60
894,"2023-02-23","CUST894","Female",52,"Beauty",3,100,300
895,"2023-02-12","CUST895","Female",60,"Electronics",4,30,120
896,"2023-04-08","CUST896","Female",37,"Clothing",1,500,500
897,"2023-07-27","CUST897","Male",43,"Electronics",1,50,50
898,"2023-08-10","CUST898","Male",46,"Electronics",4,100,400
899,"2023-12-09","CUST899","Female",18,"Beauty",2,25,50
900,"2023-03-23","CUST900","Female",37,"Clothing",4,300,1200
901,"2023-06-05","CUST901","Male",19,"Clothing",1,100,100
902,"2023-06-29","CUST902","Female",23,"Electronics",1,100,100
903,"2023-07-29","CUST903","Male",46,"Electronics",4,500,2000
904,"2023-07-13","CUST904","Male",43,"Electronics",4,500,2000
905,"2023-11-09","CUST905","Male",54,"Electronics",4,50,200
906,"2023-09-13","CUST906","Female",62,"Electronics",3,300,900
907,"2023-10-18","CUST907","Female",21,"Beauty",2,300,600
908,"2023-02-15","CUST908","Male",21,"Electronics",2,300,600
909,"2023-09-26","CUST909","Female",50,"Beauty",4,50,200
910,"2023-10-10","CUST910","Female",62,"Electronics",4,30,120
911,"2023-07-10","CUST911","Male",37,"Electronics",2,100,200
912,"2023-05-12","CUST912","Female",35,"Electronics",1,300,300
913,"2023-07-30","CUST913","Female",59,"Beauty",4,500,2000
914,"2023-07-11","CUST914","Male",51,"Clothing",3,100,300
915,"2023-11-15","CUST915","Male",26,"Beauty",4,50,200
916,"2023-06-07","CUST916","Female",58,"Clothing",1,25,25
917,"2023-04-16","CUST917","Male",29,"Clothing",2,50,100
918,"2023-12-17","CUST918","Female",36,"Beauty",4,50,200
919,"2023-12-03","CUST919","Male",32,"Beauty",1,500,500
920,"2023-04-06","CUST920","Female",34,"Clothing",1,500,500
921,"2023-03-12","CUST921","Female",36,"Electronics",3,50,150
922,"2023-04-02","CUST922","Female",24,"Electronics",4,500,2000
923,"2023-08-05","CUST923","Female",47,"Beauty",2,500,1000
924,"2023-08-08","CUST924","Male",50,"Electronics",4,500,2000
925,"2023-04-06","CUST925","Male",35,"Electronics",4,300,1200
926,"2023-05-23","CUST926","Female",29,"Clothing",1,100,100
927,"2023-07-30","CUST927","Female",47,"Clothing",2,100,200
928,"2023-03-29","CUST928","Female",62,"Clothing",4,100,400
929,"2023-05-20","CUST929","Male",34,"Clothing",4,30,120
930,"2023-05-30","CUST930","Female",23,"Electronics",4,50,200
931,"2023-07-21","CUST931","Male",48,"Beauty",3,100,300
932,"2023-02-05","CUST932","Male",46,"Electronics",1,25,25
933,"2023-04-03","CUST933","Female",31,"Beauty",2,300,600
934,"2023-05-24","CUST934","Female",54,"Clothing",3,50,150
935,"2023-12-21","CUST935","Female",47,"Beauty",3,300,900
936,"2023-03-01","CUST936","Male",45,"Beauty",3,500,1500
937,"2023-02-08","CUST937","Female",32,"Beauty",2,30,60
938,"2023-04-05","CUST938","Female",18,"Clothing",1,300,300
939,"2023-04-04","CUST939","Male",19,"Electronics",4,300,1200
940,"2023-01-28","CUST940","Female",41,"Electronics",3,300,900
941,"2023-08-25","CUST941","Female",45,"Clothing",3,100,300
942,"2023-02-21","CUST942","Male",44,"Clothing",4,25,100
943,"2023-02-07","CUST943","Male",18,"Electronics",4,25,100
944,"2023-04-14","CUST944","Female",64,"Clothing",4,25,100
945,"2023-10-23","CUST945","Male",57,"Beauty",4,50,200
946,"2023-08-31","CUST946","Male",50,"Clothing",3,50,150
947,"2023-08-30","CUST947","Female",21,"Beauty",3,100,300
948,"2023-09-20","CUST948","Female",59,"Electronics",1,100,100
949,"2023-02-04","CUST949","Female",22,"Clothing",4,30,120
950,"2023-07-22","CUST950","Female",39,"Clothing",2,100,200
951,"2023-04-16","CUST951","Female",40,"Clothing",3,500,1500
952,"2023-09-09","CUST952","Male",33,"Clothing",1,300,300
953,"2023-08-29","CUST953","Female",21,"Beauty",4,30,120
954,"2023-12-15","CUST954","Female",64,"Electronics",2,30,60
955,"2023-03-23","CUST955","Female",34,"Electronics",1,25,25
956,"2023-05-11","CUST956","Male",50,"Clothing",2,25,50
957,"2023-04-26","CUST957","Female",48,"Clothing",1,300,300
958,"2023-12-04","CUST958","Male",36,"Clothing",1,30,30
959,"2023-01-20","CUST959","Female",28,"Clothing",2,100,200
960,"2023-04-08","CUST960","Male",47,"Electronics",3,30,90
961,"2023-03-03","CUST961","Male",55,"Clothing",2,25,50
962,"2023-10-01","CUST962","Female",21,"Beauty",2,100,200
963,"2023-09-21","CUST963","Female",30,"Clothing",4,25,100
964,"2023-02-10","CUST964","Male",43,"Electronics",1,300,300
965,"2023-08-27","CUST965","Male",32,"Clothing",4,300,1200
966,"2023-06-30","CUST966","Female",37,"Beauty",4,50,200
967,"2023-01-05","CUST967","Female",49,"Electronics",1,50,50
968,"2023-01-22","CUST968","Female",63,"Electronics",3,25,75
969,"2023-06-21","CUST969","Male",64,"Beauty",3,25,75
970,"2023-06-05","CUST970","Female",34,"Clothing",3,100,300
971,"2023-08-27","CUST971","Female",29,"Clothing",3,30,90
972,"2023-08-11","CUST972","Female",30,"Clothing",3,25,75
973,"2023-12-20","CUST973","Male",57,"Clothing",2,30,60
974,"2023-05-25","CUST974","Female",39,"Clothing",3,300,900
975,"2023-01-22","CUST975","Male",26,"Electronics",3,25,75
976,"2023-06-17","CUST976","Male",42,"Electronics",4,30,120
977,"2023-09-06","CUST977","Male",37,"Clothing",2,30,60
978,"2023-02-02","CUST978","Male",25,"Beauty",3,25,75
979,"2023-07-14","CUST979","Male",36,"Electronics",3,25,75
980,"2023-02-10","CUST980","Male",25,"Clothing",1,30,30
981,"2023-07-16","CUST981","Female",54,"Electronics",3,25,75
982,"2023-05-26","CUST982","Female",31,"Beauty",1,50,50
983,"2023-06-25","CUST983","Female",60,"Clothing",4,25,100
984,"2023-04-10","CUST984","Male",47,"Electronics",1,500,500
985,"2023-05-26","CUST985","Male",22,"Clothing",4,30,120
986,"2023-11-08","CUST986","Female",55,"Beauty",2,100,200
987,"2023-09-24","CUST987","Female",64,"Clothing",4,100,400
988,"2023-08-06","CUST988","Male",42,"Clothing",4,500,2000
989,"2023-03-24","CUST989","Male",54,"Clothing",1,100,100
990,"2023-04-14","CUST990","Male",33,"Electronics",4,300,1200
991,"2023-02-08","CUST991","Male",36,"Clothing",1,30,30
992,"2023-03-16","CUST992","Female",23,"Clothing",2,500,1000
993,"2023-08-12","CUST993","Female",47,"Clothing",2,100,200
994,"2023-06-29","CUST994","Female",48,"Electronics",3,300,900
995,"2023-03-21","CUST995","Female",25,"Electronics",1,100,100
996,"2023-11-13","CUST996","Male",38,"Beauty",1,25,25
997,"2023-11-09","CUST997","Female",29,"Clothing",2,500,1000
998,"2023-01-24","CUST998","Male",55,"Clothing",1,25,25
999,"2023-01-31","CUST999","Female",22,"Beauty",2,100,200
1000,"2023-01-01","CUST1000","Female",38,"Electronics",4,500,2000